rank,friction_code,friction_label,sem_path_to_satisfaction_std,p_value,journey_stage,nudge_type,example_intervention,n_reporters_tagged,prevalence_among_reporters,priority_score
1,transport_access,Transport / Access,-0.1236962889331206,1.5570346123539025e-08,pre-arrival / en-route,Information provision,"Publish a consolidated English-language transit guide at Fukui Station and on the DMO website covering bus, train, and rental options to key POIs; note infrequent service and recommend combining destinations on the same route.",511,0.2041550139832201,0.020231854519656697
2,opening_hours_availability,Opening Hours / Availability,-0.10702205318351,8.612452528922176e-07,pre-visit,Information provision,"Standardise and keep up-to-date: Google Maps hours, official website, and physical entrance signage; flag seasonal closures at least 4 weeks in advance on all channels; add a 'check before you visit' note on DMO listings for POIs with variable hours.",104,0.0415501398322013,0.003562580945960143
3,cleanliness_comfort,Cleanliness / Comfort,-0.0489041270980491,0.0240546699940009,on-site,Facilities management,Introduce a visible scheduled maintenance log at restrooms and high-footfall areas; add seating and shade at key viewing points where practicable.,84,0.0335597283260087,0.001314870314507547
4,food_amenities_gap,Food / Amenities Gap,-0.039484080868991,0.068675094866252,on-site,Information provision,"Post a nearby dining guide (English, with opening hours) at the attraction entrance; for remote sites, add a 'bring food and water' advisory to pre-visit materials; flag the nearest convenience store on the site map.",104,0.0415501398322013,0.001314357461741264
5,itinerary_fit_time_cost,Itinerary Fit / Time & Cost,-0.0635102455389901,0.0034312097747692,pre-visit / planning,Planning support,Publish DMO-curated half-day and full-day itinerary templates that pair lower-traffic or remote attractions with anchor destinations on the same transport corridor; include realistic travel time estimates.,60,0.0239712345185777,0.001219700396931398
6,wayfinding_signage,Wayfinding / Signage,-0.0108744112429164,0.6158065387636953,on-site / arrival,Environmental design,"Install English-language directional signage at key route decision points (station exits, car parks, trailheads); supplement with QR codes linking to a mobile-friendly map of the site.",71,0.0283659608469836,0.0002471281537264918
7,waiting_crowding,Waiting / Crowding,-0.0023790798910593,0.9125306027242994,on-site,Demand management,Add visit timing guidance to the attraction website and Google Maps listing (e.g. 'quietest before 10am on weekdays'); consider a simple real-time or estimated crowd-level indicator at the entrance.,193,0.0771074710347582,0.0001469685664956456
8,accessibility_mobility,Accessibility / Mobility,0.0182579983220158,0.4009073143810906,pre-visit / on-site,Environmental design,"Map and publish step-free and wheelchair-accessible routes for each attraction; indicate surface type, gradient, and lift/ramp availability on the website and at the entrance.",172,0.0687175389532561,-0.0
